{
  "Calling Code" : {
    "transaction" : "Calling Code",
    "sampleCount" : 500,
    "errorCount" : 0,
    "errorPct" : 0.0,
    "meanResTime" : 413.27,
    "medianResTime" : 326.0,
    "minResTime" : 265.0,
    "maxResTime" : 12226.0,
    "pct1ResTime" : 389.90000000000003,
    "pct2ResTime" : 1070.6999999999998,
    "pct3ResTime" : 1922.2900000000006,
    "throughput" : 4.370705781569607,
    "receivedKBytesPerSec" : 3.8627819651567337,
    "sentKBytesPerSec" : 0.7768246603961608
  },
  "Total" : {
    "transaction" : "Total",
    "sampleCount" : 1500,
    "errorCount" : 0,
    "errorPct" : 0.0,
    "meanResTime" : 12878.437999999987,
    "medianResTime" : 375.0,
    "minResTime" : 265.0,
    "maxResTime" : 122230.0,
    "pct1ResTime" : 47193.20000000005,
    "pct2ResTime" : 54424.75000000001,
    "pct3ResTime" : 111183.51000000001,
    "throughput" : 11.886366337810532,
    "receivedKBytesPerSec" : 155.34304548516187,
    "sentKBytesPerSec" : 2.093269592693847
  },
  "Currency" : {
    "transaction" : "Currency",
    "sampleCount" : 500,
    "errorCount" : 0,
    "errorPct" : 0.0,
    "meanResTime" : 669.5120000000001,
    "medianResTime" : 356.0,
    "minResTime" : 265.0,
    "maxResTime" : 46360.0,
    "pct1ResTime" : 1113.0,
    "pct2ResTime" : 1167.75,
    "pct3ResTime" : 2971.5700000000024,
    "throughput" : 4.367193641366058,
    "receivedKBytesPerSec" : 4.128362739103852,
    "sentKBytesPerSec" : 0.7676707572713775
  },
  "Region" : {
    "transaction" : "Region",
    "sampleCount" : 500,
    "errorCount" : 0,
    "errorPct" : 0.0,
    "meanResTime" : 37552.532,
    "medianResTime" : 32061.0,
    "minResTime" : 8659.0,
    "maxResTime" : 122230.0,
    "pct1ResTime" : 59182.100000000006,
    "pct2ResTime" : 79923.7,
    "pct3ResTime" : 115692.28,
    "throughput" : 4.006249749609391,
    "receivedKBytesPerSec" : 149.74532145146426,
    "sentKBytesPerSec" : 0.7003112355274227
  }
}